Entity,Code,Year,Other renewables,Modern biofuels,Solar,Coal,Gas,Oil,Wind,Nuclear,Hydropower,Traditional biomass
World,OWID_WRL,1800,0,0,0,97,0,0,0,0,0,5556
World,OWID_WRL,1810,0,0,0,128,0,0,0,0,0,5833
World,OWID_WRL,1820,0,0,0,153,0,0,0,0,0,6111
World,OWID_WRL,1830,0,0,0,264,0,0,0,0,0,6389
World,OWID_WRL,1840,0,0,0,356,0,0,0,0,0,6944
World,OWID_WRL,1850,0,0,0,569,0,0,0,0,0,7222
World,OWID_WRL,1860,0,0,0,1061,0,0,0,0,0,6944
World,OWID_WRL,1870,0,0,0,1642,0,6,0,0,0,6944
World,OWID_WRL,1880,0,0,0,2542,0,33,0,0,0,6944
World,OWID_WRL,1890,0,0,0,3856,33,89,0,0,38.88889,6667
World,OWID_WRL,1900,0,0,0,5728,64,181,0,0,47.22222,6111
World,OWID_WRL,1910,0,0,0,8656,142,397,0,0,91.666664,6389
World,OWID_WRL,1920,0,0,0,9833,233,889,0,0,177.77777,6944
World,OWID_WRL,1930,0,0,0,10125,603,1756,0,0,363.8889,7222
World,OWID_WRL,1940,0,0,0,11586,875,2653,0,0,533.3333,7222
World,OWID_WRL,1950,0,0,0,12603,2092,5444,0,0,925,7500
World,OWID_WRL,1960,0,0,0,15442,4472,11097,0,0,1913.8889,8889
World,OWID_WRL,1965,56.20385,9.029861,0,16177.694,6303.821,18011.457,0,70.94367,2564.439,9162
World,OWID_WRL,1966,61.893772,9.209844,0,16359.431,6868.8145,19426.414,0,95.64802,2732.8247,9218
World,OWID_WRL,1967,62.45803,9.383716,0,16095.518,7374.058,20778.916,0,113.905594,2793.7288,9274
World,OWID_WRL,1968,69.12514,9.5538,0,16333.144,8044.3477,22510.49,0,144.75877,2942.4685,9331
World,OWID_WRL,1969,72.68114,9.723982,0,16847,8833.434,24445.395,0,171.62059,3115.9512,9387
World,OWID_WRL,1970,80.31843,13.501495,0,17087.006,9614.809,26684.725,0,219.09625,3262.9155,9444
World,OWID_WRL,1971,87.15092,13.562147,0,16987.656,10293.19,28116.584,0,304.73383,3409.0059,9499
World,OWID_WRL,1972,93.40242,14.823111,0,17168.227,10861.714,30335.396,0,422.70874,3568.4138,9553
World,OWID_WRL,1973,100.29954,14.250557,0,17683.57,11377.833,32730.184,0,566.39325,3619.4802,9608
World,OWID_WRL,1974,107.15339,14.334716,0,17696.432,11659.859,32230.395,0,740.5558,3975.6433,9663
World,OWID_WRL,1975,108.78775,13.688392,0,18045.436,11659.736,31996.514,0,1027.3561,4024.676,9718
World,OWID_WRL,1976,121.22203,13.75119,0,18699.785,12354.139,34061.47,0,1201.865,4008.7126,9774
World,OWID_WRL,1977,127.78763,18.318535,0,19267.412,12759.838,35194.34,0,1495.9661,4143.534,9830
World,OWID_WRL,1978,135.30203,23.178776,0,19467.492,13293.947,36709.973,0.008333333,1738.3176,4484.395,9886
World,OWID_WRL,1979,145.31018,28.023214,0,20370.578,14118.029,37177.996,0.016666666,1807.9442,4708.85,9943
World,OWID_WRL,1980,155.36708,32.78612,0,20877.783,14236.961,35568.645,0.029166665,1977.5671,4810.1367,10000
World,OWID_WRL,1981,167.14429,29.747923,0,21158.002,14395.874,34289.96,0.029166665,2335.4187,4913.6206,10106
World,OWID_WRL,1982,192.84048,37.556244,0,21395.428,14469.731,33270.01,0.051388886,2533.8264,5002.5225,10213
World,OWID_WRL,1983,213.60915,49.01924,0.008333333,22050.973,14703.827,33097.43,0.09109708,2871.702,5216.0244,10321
World,OWID_WRL,1984,238.58173,57.806427,0.017530864,23008.44,15902.676,33623.6,0.124320984,3484.9124,5392.7036,10430
World,OWID_WRL,1985,245.94556,68.410095,0.032631874,23996.738,16262.218,33684.684,0.17838944,4135.893,5497.899,10541
World,OWID_WRL,1986,267.01056,84.202995,0.042177327,24263.818,16421.107,34710.477,0.38564253,4429.8213,5572.425,10653
World,OWID_WRL,1987,285.98758,85.33012,0.02945286,25228.488,17281.893,35508.195,0.5427132,4818.703,5647.7563,10765
World,OWID_WRL,1988,294.25284,89.5602,0.028322108,25983.08,18088.844,36641.938,0.92105496,5253.47,5828.7466,10879
World,OWID_WRL,1989,327.10114,95.68924,0.72839785,26231.049,18888.648,37215.688,7.3604903,5402.807,5798.8525,10995
World,OWID_WRL,1990,366.32608,106.56911,1.0784721,25928.912,19481.15,37906.816,10.090196,5557.211,5996.1724,11111
World,OWID_WRL,1991,382.0725,110.64683,1.4033967,25686.727,19972.838,37876.832,11.350296,5823.0825,6134.8447,11243
World,OWID_WRL,1992,409.87473,108.705635,1.296053,25584.3,20063.482,38404.773,13.146699,5867.2856,6134.207,11376
World,OWID_WRL,1993,423.37766,114.34006,1.5463264,25708.832,20265.482,38246.242,15.844913,6069.3457,6503.668,11511
World,OWID_WRL,1994,439.61697,124.101776,1.6582857,25815.188,20389.613,39068.176,19.81036,6183.274,6544.1816,11647
World,OWID_WRL,1995,458.2574,131.0704,1.7746743,25999.217,21104.492,39666.37,22.978119,6451.471,6898.3022,11785
World,OWID_WRL,1996,470.94907,125.784515,1.9423053,26617.482,22159.254,40576.63,25.59889,6685.0415,6991.1523,11925
World,OWID_WRL,1997,504.41165,130.03065,2.0823772,26563.252,22030.393,41652.086,33.411713,6639.067,7114.8765,12066
World,OWID_WRL,1998,525.6794,133.38396,2.2551444,26395.965,22434,41788.617,44.247944,6753.319,7169.259,12209
World,OWID_WRL,1999,552.0252,135.24736,2.5146885,26508.807,23071.904,42435.785,58.963604,7010.293,7223.524,12414
World,OWID_WRL,2000,577.8782,132.50877,2.9392529,27456.373,23994.258,43016.63,87.24874,7168.5205,7351.8926,12500
World,OWID_WRL,2001,600.2354,131.42494,3.9282084,27880.072,24316.832,43398.32,106.02212,7330.212,7123.229,12500
World,OWID_WRL,2002,646.1556,149.3146,4.9233274,28982.217,25051.928,43697.09,143.51175,7386.15,7194.9185,12470
World,OWID_WRL,2003,682.59863,168.93166,6.1376123,31519.594,25727.734,44610.883,172.43762,7197.0586,7146.9575,12329
World,OWID_WRL,2004,737.757,201.20049,8.043655,33708.973,26781.62,46413.184,232.02817,7483.3584,7632.875,12160
World,OWID_WRL,2005,798.36127,234.4752,11.242224,36200.953,27439.225,47016.887,281.25607,7442.488,7825.955,12076
World,OWID_WRL,2006,850.2155,294.60196,15.387916,38087.04,28171.709,47436.953,356.9594,7494.9478,8080.835,11993
World,OWID_WRL,2007,922.8151,391.6522,20.759594,40241.703,29338.285,48087.52,456.12924,7303.106,8171.303,11911
World,OWID_WRL,2008,987.2903,535.94214,33.45804,40796.645,30050.746,47692.652,584.20166,7222.835,8579.401,11829
World,OWID_WRL,2009,1056.9937,600.6355,55.273674,40219.008,29403.605,46633.97,726.50214,7083.252,8520.561,11747
World,OWID_WRL,2010,1182.4408,678.90076,88.33643,42016.016,31592.871,48192.543,902.10693,7209.0225,8932.585,11667
World,OWID_WRL,2011,1240.7429,717.3121,170.31993,43983.35,32349.885,48578.273,1142.2966,6871.5703,9048.125,11553
World,OWID_WRL,2012,1339.8479,746.39514,261.6391,44098.684,33246.438,49362.21,1368.0692,6367.3774,9385.139,11441
World,OWID_WRL,2013,1441.8064,818.51044,354.49994,44745.465,33733.266,49922.812,1626.221,6368.981,9687.964,11330
World,OWID_WRL,2014,1569.0922,865.9456,502.02148,44912.37,33976.355,50336.395,1797.0472,6465.9663,9895.858,11220
World,OWID_WRL,2015,1669.6791,898.43317,649.4519,43695.344,34780.043,51294.03,2105.7012,6519.8496,9820.672,11111
World,OWID_WRL,2016,1709.8453,938.65326,824.1577,42767.824,35583.984,52314.516,2418.7546,6566.9756,10090.338,11111
World,OWID_WRL,2017,1800.7178,957.89087,1114.7113,43226.34,36603.055,53263.332,2856.3284,6592.505,10171.045,11111
World,OWID_WRL,2018,1952.1038,1038.8154,1431.7748,43897.33,38317.06,53792.79,3162.1587,6716.976,10419.392,11111
World,OWID_WRL,2019,2038.1202,1127.3136,1748.8293,43627.613,39053.18,53997.266,3520.4438,6920.1924,10501.549,11111
World,OWID_WRL,2020,2152.2898,1068.2296,2116.7441,42316.324,38704.047,49101.246,3940.1646,6639.518,10763.28,11111
World,OWID_WRL,2021,2317.5542,1128.1194,2593.0813,44642.164,40225.734,51846.82,4582.7812,6903.3267,10575.532,11111
World,OWID_WRL,2022,2379.4795,1193.1312,3249.7456,44926.926,40059.652,53562.11,5184.6016,6583.3306,10650.595,11111
World,OWID_WRL,2023,2411.3584,1319.2163,4026.5818,45319.086,40151.22,54838.684,5665.208,6677.13,10392.08,11111
World,OWID_WRL,2024,2476.3567,1366.8783,5150.5693,45850.543,41278.27,55292.082,6124.4653,6871.835,10860.753,11111