Date,Unleaded pump (inc VAT),Unleaded pump (exc VAT),Unleaded delivered wholesale,Diesel pump (inc VAT),Diesel pump (exc VAT),Diesel delivered wholesale
2013-01-02,131.94,109.95,105.98,139.93,116.61,111.51
2013-01-15,132.54,110.45,106.44,140.1,116.75,112.71
2013-02-01,134.42,112.02,111.95,141.67,118.06,116.07
2013-02-15,137.26,114.38,113.92,144.16,120.13,117.01
2013-03-01,139.78,116.48,111.09,146.25,121.88,115.32
2013-03-15,138.74,115.62,111.75,145.54,121.28,114.43
2013-04-02,137.84,114.87,111.91,143.57,119.64,115.1
2013-05-01,134.79,112.33,104.68,139.27,116.06,107.93
2013-05-15,133.28,111.07,107.36,138.09,115.08,109.94
2013-06-03,134.35,111.96,107.94,139.01,115.84,110.04
2013-06-17,134.54,112.12,107.61,139.14,115.95,111.2
2013-07-01,133.69,111.41,107.6,138.39,115.33,111.41
2013-07-15,135.49,112.91,112.44,140,116.67,113.81
2013-08-01,137.22,114.35,112.2,141.52,117.93,114.4
2013-08-15,137.31,114.43,110.37,141.66,118.05,113.6
2013-09-02,137.73,114.78,110.87,142.02,118.35,114.77
2013-09-16,137.81,114.84,105.74,142.47,118.73,112.77
2013-10-01,133.92,111.6,103.61,140.27,116.89,110.03
2013-10-15,132.16,110.13,105.57,139.12,115.93,111.92
2013-11-01,130.97,109.14,103.22,138.23,115.19,110.51
2013-11-15,130.34,108.62,104.52,137.7,114.75,109.77
2013-12-02,130.72,108.93,104,138.01,115.01,110.52
2013-12-16,131.1,109.25,103.72,138.52,115.43,110.5
2014-01-02,130.79,108.99,103.81,138.24,115.2,109.29
2014-02-17,129.55,107.96,103.88,136.91,114.09,108.62
2014-03-03,129.83,108.19,104.17,137.12,114.27,109.39
2014-03-17,129.38,107.82,103.55,136.48,113.73,107.03
2014-04-01,129.51,107.93,104.9,136.22,113.52,107.96
2014-04-15,129.74,108.12,106.03,136.26,113.55,108.54
2014-05-01,130.22,108.52,104.7,136.41,113.68,106.75
2014-05-16,130.1,108.42,105.26,136.25,113.54,107.43
2014-06-02,130.2,108.5,105.34,136.22,113.52,106.18
2014-06-16,130.31,108.59,106.14,135.58,112.98,107.45
2014-07-01,131.52,109.6,106.22,136.25,113.54,106.77
2014-07-15,131.23,109.36,103.6,135.8,113.17,104.83
2014-08-01,130.5,108.75,102.3,134.87,112.39,106.14
2014-08-15,129.76,108.13,102.66,134,111.67,105.75
2014-09-01,128.72,107.27,103.32,133.02,110.85,105.64
2014-09-15,129.18,107.65,102.73,133.29,111.08,105.16
2014-10-01,128.49,107.08,102.13,132.81,110.68,104.32
2014-10-15,126.93,105.78,96.52,131.08,109.23,101.24
2014-11-03,123.77,103.14,96.77,128.06,106.72,102.16
2014-11-17,122.86,102.38,96.38,127.27,106.06,100.02
2014-12-01,121.45,101.21,91.54,125.99,104.99,96.87
2014-12-15,116.9,97.42,87.12,122.33,101.94,92.46
2015-01-02,112.08,93.4,85.03,118.74,98.95,90.16
2015-01-16,107.46,89.55,83.68,114.81,95.68,88.39
2015-02-02,106.39,88.66,86.71,113.42,94.52,90.44
2015-02-16,108.12,90.1,88.82,114.76,95.63,93.93
2015-03-02,109.95,91.63,89.97,116.65,97.21,93.38
2015-03-16,111.78,93.15,89.54,118.05,98.38,90.84
2015-04-01,113.06,94.22,91.62,118.73,98.94,92.14
2015-04-17,113.49,94.58,93.95,118.92,99.1,94.14
2015-05-01,115.14,95.95,94.7,119.8,99.83,94.74
2015-05-15,116.32,96.93,93.3,120.58,100.48,94.15
2015-06-01,116.66,97.22,95.13,120.84,100.7,94.35
2015-06-15,117.13,97.61,95.53,120.88,100.73,92.87
2015-07-01,117.05,97.54,94.36,120.63,100.53,92.66
2015-07-16,117.24,97.7,92.6,118.98,99.15,89.93
2015-08-03,116.38,96.98,91.4,115.24,96.03,87.27
2015-08-17,114.73,95.61,88.88,111.65,93.04,87.52
2015-09-01,111.7,93.08,86.77,109.86,91.55,88.44
2015-09-15,111.16,92.63,85.33,110.41,92.01,86.79
2015-10-01,109.45,91.21,85.44,110.26,91.88,87.92
2015-10-15,109.27,91.06,84.17,110.77,92.31,86.11
2015-11-02,107.67,89.73,85.31,109.77,91.48,86.74
2015-11-16,107.98,89.98,82.99,110.11,91.76,84.98
2015-12-01,107.55,89.63,84.54,109.86,91.55,84.36
2015-12-15,104.37,86.98,82.87,107.72,89.77,80.68
2016-01-04,102.69,85.58,84.02,105.99,88.33,80.84
2016-01-18,102.25,85.21,81.08,102.6,85.5,77.91
2016-02-01,101.27,84.39,82.27,100.19,83.49,79.57
2016-02-15,101.88,84.9,80.68,100.78,83.98,80.01
2016-03-01,101.92,84.93,79.34,101.36,84.47,81.63
2016-03-15,102.52,85.8,83.24,103.14,86.11,82.75
2016-04-01,105.64,87.72,85.59,105.41,87.71,82.18
2016-04-15,107.27,89.11,86.49,106.77,88.73,84.05
2016-05-03,108.67,90.38,86.43,108.49,90.29,84.91
2016-05-17,108.86,91.01,88.58,108.89,90.92,87.55
2016-06-01,110.69,92.16,88.78,110.73,92.25,88.05
2016-06-15,111.66,93.06,88.07,111.86,93.24,88.07
2016-07-01,112.2,93.48,89.04,112.47,93.66,89.63
2016-07-15,110.76,93.5,88.14,110.98,93.94,87.89
2016-08-01,111.17,93.16,85.33,112.04,93.68,85.15
2016-08-15,110.22,91.78,88.07,111.18,92.36,89.89
2016-09-01,111.59,92.92,86.42,112.92,94.01,87.95
2016-09-15,111.93,93.22,88.46,113.12,94.2,88.7
2016-10-03,112.36,93.62,90.41,113.63,94.56,91.93
2016-10-17,115.14,95.83,92.51,116.88,97.21,94.92
2016-11-01,116.85,97.28,90.76,118.77,98.88,92.89
2016-11-15,115.92,97.18,87.83,117.84,98.68,90.92
2016-12-01,113.37,94.97,92.03,115.95,96.97,94.16
2016-12-15,115.52,96.12,92.33,118.06,98.19,94.84
2017-01-03,117.77,98.25,94.4,120.34,100.29,96.68
2017-01-17,119.55,99.57,94.89,122,101.65,95.57
2017-02-01,120.05,100.01,95.03,122.31,101.92,95.61
2017-02-15,120.1,100.09,95.72,122.29,101.93,95.72
2017-03-01,120.15,100.19,94.52,122.19,101.88,96.5
2017-03-15,119.31,99.72,92.31,121.44,101.48,93.68
2017-04-03,117.6,97.84,94.47,119.54,99.47,94.01
2017-04-18,118.68,98.7,94.59,120.46,100.21,94.52
2017-05-02,118.54,98.79,91.31,120.29,100.21,91.51
2017-05-15,116.29,97,93.02,117.45,97.78,92.15
2017-06-01,116.69,97.27,93.14,117.77,98.12,91.67
2017-06-15,116.18,96.9,90.37,117.05,97.67,89.95
2017-07-03,114.47,95.28,91.35,115.27,95.85,91.66
2017-07-17,114.66,95.62,91.08,115.43,96.13,91.31
2017-08-01,115.25,95.98,92.38,116.09,96.66,92.91
2017-08-15,116.55,97.11,92.7,117.47,97.87,93.15
2017-09-01,118.19,97.93,96.75,118.81,98.64,95.85
2017-09-15,119.89,99.81,93.34,120.54,100.38,95.09
2017-10-02,118.84,99.25,91.02,120.21,100.16,95.67
2017-10-17,117.92,98.35,92.56,120.26,100.25,96.62
2017-11-01,118.43,98.48,95.29,120.96,100.67,97.08
2017-11-15,120.43,100.42,95.28,122.85,102.33,97.9
2017-12-01,120.66,100.65,94.82,123.06,102.65,97.51
2017-12-15,120.59,100.63,94.78,123.11,102.68,97.46
2018-01-02,120.9,100.93,95.01,123.48,102.88,98.64
2018-01-15,121.67,101.38,96.14,124.47,103.68,99.13
2018-02-01,122.34,101.87,96.06,125.08,104.2,97.93
2018-02-15,121.47,101.33,92.93,123.93,103.34,94.99
2018-03-01,120.05,100.12,93.42,122.83,102.38,95.96
2018-03-15,119.66,99.65,93.73,122.5,102.02,96.18
2018-04-03,120.55,100.38,96.15,123.19,102.57,98.16
2018-04-17,121.77,101.15,97.05,124.52,103.53,98.89
2018-05-01,123.43,102.67,100.11,126.27,105.02,102.09
2018-05-16,126.15,105.03,102.67,129,107.33,104.91
2018-06-01,129.37,107.62,102.18,132.31,110.05,104.5
2018-06-15,128.67,107.43,100.11,131.66,109.98,102.81
2018-07-02,127.71,106.43,102.66,130.93,109.01,104.69
2018-07-16,128.36,107.11,100.38,131.64,109.66,102.53
2018-08-01,128.94,107.33,104.53,131.93,109.88,103.55
2018-08-15,129.71,108.07,103.65,132.46,110.36,104.59
2018-09-03,130.75,108.97,105.91,133.48,111.18,107.76
2018-09-17,131.33,109.48,102.1,134.36,111.93,106.01
2018-10-01,130.62,108.88,104.56,134.5,112.01,109.99
2018-10-15,131.58,109.63,100.28,136.67,113.74,108.91
2018-11-01,130.61,108.84,98.86,136.93,114.07,108.22
2018-11-15,128.47,107.17,96.89,136.45,113.77,107.23
2018-12-03,124.05,103.06,92.94,133.37,110.91,102.52
2018-12-14,121.55,101.75,93,130.93,109.5,101.5
2019-01-02,120.72,100.77,92.69,129.97,108.34,99.05
2019-01-16,119.77,99.99,92.67,128.81,107.36,101.39
2019-02-01,119.54,99.67,93.01,128.64,107.28,100.85
2019-02-15,119.38,99.46,95.48,128.67,107.23,104.01
2019-03-01,120.57,100.35,93.59,129.97,108.23,102.17
2019-03-15,120.98,100.75,95.06,130.2,108.53,101.52
2019-04-01,122.62,102.15,100.17,130.7,108.89,101.92
2019-04-15,125.41,103.89,102.14,131.97,109.65,103.32
2019-05-01,128.23,106.72,103.94,133.8,111.42,104.07
2019-05-15,128.91,107.37,104.57,134.3,111.88,105.51
2019-06-03,130.67,108.83,99.75,135.51,112.93,100.6
2019-06-17,128.35,106.92,98.5,132.39,110.14,100.67
2019-07-01,127.66,106.35,101.06,131.02,109.08,102.65
2019-07-16,128.72,106.96,102.83,131.61,109.48,103.88
2019-08-01,127.31,107.68,102.85,130.41,109.96,104.31
2019-08-15,128.81,107.28,99.71,131.87,109.9,102.98
2019-09-02,128.82,107.4,98.8,131.72,109.72,103.34
2019-09-16,127.74,106.48,101.21,131.35,109.38,107
2019-10-01,127.99,106.63,99.5,132.08,110.05,103.91
2019-10-16,127.57,106.32,96.44,131.74,109.63,102.14
2019-11-01,126.41,105.53,98.16,130.27,108.64,101.01
2019-11-15,126.63,105.2,97.41,130.34,108.31,102.09
2019-12-02,125.87,104.95,97,129.86,108.25,101.1
2019-12-16,125.49,104.81,97.34,129.62,108.13,102.29
2020-01-02,126.68,104.53,99.12,131.08,108.15,104.46
2020-01-16,128.09,106.69,98.81,132.72,110.58,102.01
2020-02-03,126.95,105.85,94.82,131.28,109.45,96.39
2020-02-17,124.63,103.95,95.26,127.98,106.63,97.95
2020-03-02,123.45,103.35,92.3,126.45,105.88,95.31
2020-03-17,120.99,101.07,79.31,123.72,103.33,86.64
2020-04-01,113.1,94.62,74.12,117.5,98.17,83.47
2020-04-16,110.35,91.49,76.89,115.56,96.13,82.67
2020-05-01,108.93,90.79,75.66,114.38,95.45,80.27
2020-05-15,106.89,89.35,81.35,111.96,93.83,83.54
2020-06-01,107.11,89.17,82.34,112.07,93.22,85.21
2020-06-16,108.11,90.01,86.87,112.83,93.96,88.47
2020-07-01,111.06,92.38,88.73,115.09,95.8,89.81
2020-07-16,113.51,94.56,88.68,117.28,97.64,90.27
2020-08-03,114.35,95.27,87.78,118.08,98.44,90.28
2020-08-17,114.48,95.4,89.4,118.18,98.43,90.05
2020-09-01,114.78,95.54,88.83,118.43,98.61,88.46
2020-09-15,114.55,95.45,88.17,118.18,98.53,86.63
2020-10-01,114.53,95.51,88.78,118.09,98.42,86.63
2020-10-16,114.48,95.42,87.92,117.88,98.18,88.21
2020-11-02,114.12,95.43,84.41,117.64,98.21,86.17
2020-11-16,113.99,94.89,86.92,117.19,97.69,88.97
2020-12-01,114.39,95.28,87.66,117.72,98.03,90.53
2020-12-15,115.3,95.93,89.08,118.7,98.78,92.46
2021-01-04,116.67,97.09,89.05,120.12,100.04,91.9
2021-01-18,118.46,98.55,91.44,121.78,101.47,93.88
2021-02-01,120.22,100,91.9,123.35,102.86,94.33
2021-02-15,121.66,101.28,94.48,124.71,103.91,97.48
2021-03-01,123.58,102.82,97.24,126.68,105.39,97.94
2021-03-16,125.6,104.42,98.8,128.46,106.79,98.75
2021-04-01,126.3,105.23,97.9,129.11,107.56,96.69
2021-04-16,127.04,105.41,99.62,129.5,107.61,98.63
2021-05-04,127.11,105.92,101.05,129.62,108.07,100.75
2021-05-17,128.43,106.98,100.33,130.81,109,101.49
2021-06-01,129.36,107.76,100.95,131.76,109.7,102.05
2021-06-16,130.77,108.91,101.98,133.16,110.9,103.35
2021-07-01,131.76,110.16,104.69,134.36,111.93,105.01
2021-07-15,133.43,110.98,104.65,135.23,112.54,103.75
2021-08-02,135.08,112.8,104.89,136.51,113.91,103.55
2021-08-16,135.35,112.43,103.52,136.75,114.43,102.88
2021-09-01,135.29,112.48,101.97,136.71,113.83,104.77
2021-09-15,135.26,112.72,103.49,136.81,113.98,107.48
2021-10-01,136.92,113.98,106.75,139.78,115.92,112.57
2021-10-15,140.54,116.85,110.03,144.06,119.52,117.41
2021-11-01,144.17,120.29,112.46,147.9,123.28,117.88
2021-11-15,146.6,122.11,114.79,150.24,125.08,116.14
2021-12-01,147.47,122.73,103,150.8,125.53,111.35
2021-12-15,145.61,121.89,106.37,149.25,124.63,112.6
2022-01-04,145.53,121.29,108.59,148.73,123.96,114.98
2022-01-17,145.63,121.39,110.73,148.97,124.15,116.99
2022-02-01,146.62,122.04,113.1,149.99,124.84,118.76
2022-02-15,148.4,123.38,115.41,151.9,126.31,119.82
2022-03-01,151.67,125.97,122.22,155.23,128.96,131.19
2022-03-16,165.4,137.48,121.95,176.76,146.7,134.5
2022-04-01,163.3,136.07,122.39,177.44,147.74,136.42
2022-04-14,161.92,135.16,122.89,175.99,146.82,139.82
2022-05-03,163.07,135.76,128.99,177.59,147.83,144.22
2022-05-16,166.8,138.88,142.15,180.32,150.24,142.1
2022-06-01,174.84,145.02,155.02,183.43,152.5,153.45
2022-06-15,187.01,155.49,149.47,193.3,160.4,165.05
2022-07-01,191.43,159.52,143.72,199.07,165.87,156.27
2022-07-15,189.46,157.88,134.76,197.52,164.6,151.75
2022-08-01,182.69,152.24,125.72,192.06,160.32,138.53
2022-08-15,173.46,144.97,124.06,184.21,153.75,143.07
2022-09-01,169.58,141.5,119.05,183.74,153.09,141.11
2022-09-14,166.27,138.88,120.89,182.13,151.89,137.05
2022-10-03,162.7,135.56,123.71,180.24,150.31,141.65
2022-10-17,164.46,137.07,124.09,186.23,154.87,152.45
2022-11-01,165.96,138.65,124.53,190.31,158.76,145.18
2022-11-15,164.23,137.02,116.65,188.72,157.52,135.99
2022-12-01,159.47,133.23,111.08,183.4,153.22,129.54
2022-12-15,153.71,127.86,106.55,176.78,147.75,128.17
2022-12-30,151.16,126.47,113.76,174.01,145.45,128.92
2023-01-16,148.73,124.16,114.49,170.98,142.57,129.79
2023-02-01,148.98,124.07,115.1,170.38,141.97,124.03
2023-02-14,148.43,123.69,115.7,168.85,140.82,121.44
2023-03-01,147.56,122.97,115.97,166.92,139.22,123.05
2023-03-15,147.28,122.73,111.4,165.89,138.37,113.14
2023-03-31,146.5,121.98,117.71,162.94,135.89,113.89
2023-04-17,146.89,122.52,116.5,161.06,134.48,112.3
2023-05-02,146.17,121.96,110.36,158.47,132.42,105.26
2023-05-15,144.95,120.79,109.88,154.31,128.59,105.65
2023-06-01,143.2,119.38,110.19,146.69,122.49,105.48
2023-06-14,143.33,119.37,109.49,145.38,121.27,107.15
2023-06-30,143.9,119.88,108.59,145.46,121.28,108.51
2023-07-17,143.39,119.62,109.16,144.36,120.57,110.07
2023-08-01,145.57,120.83,116.8,146.36,121.53,120.99
2023-08-15,149.52,124.22,117.11,151.16,125.42,119.12
2023-09-01,152.49,126.87,117.69,154.78,128.64,122.38
2023-09-15,154.34,128.79,119.08,157.2,131.35,129.08
2023-10-01,156.97,130.93,115.51,162.37,135.31,126.62
2023-10-16,156.14,130.25,110.94,162.43,135.48,125.38
2023-10-31,154.53,128.97,113.67,161.4,134.65,121.03
2023-11-15,152.08,127.06,107.3,159.16,132.9,116.58
2023-12-01,146.69,122.46,105.81,154.33,128.67,114.23
2023-12-15,142.31,118.81,103.28,150.19,125.24,112.34
2024-01-02,140.45,117.18,104.3,148.28,123.9,112.22
2024-01-15,139.78,116.57,104.97,147.62,123.15,113.33
2024-01-31,140.44,116.93,107.02,148.42,123.57,116.6
2024-02-15,142.9,118.76,110.29,151.3,125.75,119.33
2024-03-01,144.87,120.63,112.52,153.49,127.68,117.65
2024-03-15,145.45,121.04,112.44,154.13,127.73,116.97
2024-04-02,147.03,122.58,115.53,155.73,130,119.47
2024-04-15,149.51,124.67,116.66,157.99,131.67,116.7
2024-05-01,150.31,124.92,113.27,158.06,131.42,112.15
2024-05-15,149.37,124.5,110.45,157.16,130.58,111.19
2024-06-03,147.41,122.92,107.53,153.04,127.67,109.59
2024-06-14,145.98,121.5,108.2,151.15,125.83,112.87
2024-07-01,144.8,120.42,110.47,149.92,124.67,114.55
2024-07-15,145.79,121.08,108.7,151.06,125.42,111.16
2024-08-01,144.76,120.25,107.95,149.78,124.42,109.76
2024-08-15,143.25,119.17,105.96,148.03,123.08,107.42
2024-08-30,141.16,117.42,101.68,145.89,121.33,105.94
2024-09-16,137.85,113.83,98.05,142.62,117.75,102.52
2024-10-01,134.86,111.83,98.13,139.51,115.58,102.14
2024-10-15,134.92,111.67,100.99,139.86,115.75,104.25
2024-11-01,135.46,112.42,99.83,140.45,116.5,106.54
2024-11-15,135.72,112.67,100.49,140.85,116.92,108.29
2024-12-02,136.5,113.42,99.89,142.26,118.42,107.03
2024-12-16,136.62,113.75,101.63,142.57,118.92,108.04
2025-01-02,136.85,113.83,104.18,142.91,119.08,110.86
2025-01-15,137.68,114.58,106.15,144.05,120.08,114.57
2025-02-03,139.07,116,104.8,145.81,121.83,110.72
2025-02-17,139.49,116.42,103.3,146.33,122.33,110.15
2025-03-03,139.54,116.5,100.64,146.4,122.42,108.54
2025-03-17,137.39,114.25,98.78,144.14,120.25,105.56
2025-04-01,136.14,112.75,103.35,142.61,118.33,107.82
2025-04-14,135.86,112.75,98.01,142.29,118.33,102.78
2025-05-01,134,111.75,97.14,140.49,117.17,100.98
2025-05-15,132.75,110.67,98.63,139.03,115.92,103.02
2025-06-02,132.21,110.17,97.88,132.21,115.33,101.57
2025-06-16,132.08,110.08,99.4,132.08,115.17,106.39
2025-06-30,134.17,111.75,97.43,134.17,117.58,105.34
2025-07-14,134.64,112.17,99.33,134.64,118.25,108.81
2025-08-01,135.03,112.5,99.5,142.92,119,106.65
2025-08-14,135.25,112.75,98.95,142.97,119.17,104.03
2025-09-01,134.64,112.17,100.1,142.19,118.5,106.44
2025-09-15,134.57,112.17,101.5,142.18,118.5,107.27
2025-10-01,135.55,112.83,100.46,143.38,119.33,107.26
2025-10-16,135.62,113.08,100.32,143.36,119.5,104.25
2025-10-31,135.33,112.75,100.49,142.91,119.08,110.11
2025-11-14,135.6,113.33,103.51,143.98,120.25,112.93
2025-12-01,137.19,114.58,99.47,146.61,122.42,107.89
2025-12-15,137,114.42,95.51,146.21,122.17,103.99
2026-01-02,135.28,113,94.68,144.18,120.42,103
2026-01-15,133.23,111.42,95.83,142.1,118.83,104.75
2026-01-28,131.91,110.25,96.26,140.97,117.75,106.15
2026-02-12,131.62,109.92,97.81,141.08,117.5,105.52
2026-02-26,132.05,110.75,99.63,141.6,118.67,110.26
2026-03-10,138.96,115.17,107.85,155.12,127,126.44
2026-03-31,152.83,126.75,119.55,182.77,150.75,149.8
2026-04-15,158.31,132.5,115.52,191.54,160.25,136.33
2026-04-28,157.13,131.5,121.55,189.01,158.75,138.2
